pubDate,title,description,originallink,link,bloggername,bloggerlink,source
2025-11-28,"마마 2025 중계 시간, 라인업 및 티켓팅 정보 총정리","K-POP 팬들이 손꼽아 기다려온 이 축제는 올해 특별히 홍콩에서 개최되며, 역대급 규모와 화려한... 특히, 넷플릭스 애니메이션 영화와의 특별한 협업으로 기획된 ‘K팝 데몬 헌터스’ 스페셜 스테이지는... ",https://blog.naver.com/lumen86/224090806334,https://blog.naver.com/lumen86/224090806334,루멘트레일 블로그,blog.naver.com/lumen86,blog
2025-11-28,"2025 마마 어워즈, 홍콩에서 펼쳐지는 시간과 라인업 대공개!","음악으로 하나 되는 축제, 2025 MAMA AWARDS 이번 2025 MAMA AWARDS는 7년 만의 홍콩 개최, 역대급 규모의 카이탁 스타디움에서의 첫 K-POP 시상식, 그리고 화려한 라인업과 'K팝 데몬 헌터스' 스페셜 스테이지까지... ",https://blog.naver.com/bmjmo2/224090761052,https://blog.naver.com/bmjmo2/224090761052,홍보하는 아기 호랑이,blog.naver.com/bmjmo2,blog
2025-11-28,"마마 2025 시간과 지디 라인업, 놓치기 전 필수 체크!","또한, 넷플릭스 애니메이션 'K팝 데몬 헌터스'의 세계관을 현실로 옮겨온 스페셜 스테이지도 준비되어 있다고 하니, 상상 이상의 특별한 콜라보 무대를 기대해 봐도 좋을 것 같습니다. 놓치면 후회! 마마... ",https://blog.naver.com/pcj6360/224090780561,https://blog.naver.com/pcj6360/224090780561,pcj6360님의 블로그,blog.naver.com/pcj6360,blog
2025-11-28,2025 마마 어워즈 시간 티켓팅 및 라인업 완벽 정리,차세대 K-POP을 이끌어갈 그룹들도 총출동합니다. 특히 넷플릭스 애니메이션 영화 'K팝 데몬 헌터스'의 세계관을 현실 무대로 옮겨온 K팝 데몬 헌터스 스페셜 스테이지는 팬들에게 정말 색다른 볼거리를... ,https://blog.naver.com/yonmc_03/224090781275,https://blog.naver.com/yonmc_03/224090781275,유니맘쉼표03의블로그,blog.naver.com/yonmc_03,blog
2025-11-28,트와이스 K팝 걸그룹 최초로 RIAA 플래티넘 인증 쾌거,특히나 '스트래티지'는 넷플릭스 오리지널 시리즈 'K팝 데몬 헌터스'의 사운드 트랙으로 사용되어 많은 사랑을 받았습니다. 이 덕분에 곡은 빌보드 '핫 100' 차트에서 무려 17주 연속으로 차트인하며 폭발적인... ,https://blog.naver.com/romantic-page/224090721410,https://blog.naver.com/romantic-page/224090721410,좋은하루 좋은소식,blog.naver.com/romantic-page,blog
2025-11-28,생활문화 일반.네이버(언론사제공) 2025년11월28일,"매일 낙엽 조선일보 3시간전 트와이스, K-팝 걸그룹 최초 美 레코드산업협회 플래티넘 트와이스 [JYP엔터테인먼트 제공] 그룹 트와이스와 스트레이 키즈가 미국 레코드산업협회(RIAA)로부터 처음으로... ",https://blog.naver.com/c1c1b1b1/224090674863,https://blog.naver.com/c1c1b1b1/224090674863,5천만 국민.질병 없는.백년건강 위하여~~~,blog.naver.com/c1c1b1b1,blog
2025-11-28,한눈에 보는 뮤직 2025년11월28일,"케이팝데몬헌터스 #헌트릭스 #골든 #케데헌 #루미 #미라 #조이 #사자보이스 #소다팝 #dance #music... 골드 &quot;K-팝 최다&quot;17시간 전 MAMA, 홍콩 화재로 레드카펫 취소 MAMA, 홍콩 아파트 화재 참사에... ",https://blog.naver.com/c1c1b1b1/224090666950,https://blog.naver.com/c1c1b1b1/224090666950,5천만 국민.질병 없는.백년건강 위하여~~~,blog.naver.com/c1c1b1b1,blog
2025-11-28,"홍콩 화재 속 강행되는 2025 MAMA AWARDS 변경 일정, 라인업... ","무대: K-POP 데몬 헌터스 콜라보 최신 넷플릭스 애니메이션 영화 'K-POP 데몬 헌터스' 특별 무대 개최! BABYMONSTER 멤버 (Pharita, Ahyeon, Rora) RIIZE 원빈 BOYNEXTDOOR 리한 등이 영화 속 K팝 그룹 캐릭터를... ",https://blog.naver.com/bluegray22/224090595993,https://blog.naver.com/bluegray22/224090595993,Bluegray,blog.naver.com/bluegray22,blog
2025-11-28,"스트레이 키즈, 美 RIAA ‘골드’만 6개 - 앨범·싱글 동시... ","이번 기록의 일등공신은 넷플릭스 애니메이션 ‘K팝 데몬 헌터스(케데헌)’다. &lt;Strategy&gt;는 이 작품의 OST로 삽입되어 글로벌 흥행을 견인했고, 빌보드 ‘핫 100’ 차트에 17주간 머무르는 등 폭발적인... ",https://blog.naver.com/ryc3030/224090581146,https://blog.naver.com/ryc3030/224090581146,밍기적사운드,blog.naver.com/ryc3030,blog
2025-11-28,2026 제40회 골든디스크어워즈 시상식 라인업 티켓팅 일정... ,안효섭은 넷플릭스 '케이팝 데몬 헌터스' 흥행과 차기작 '오늘도 매진했습니다'로... 받은 K-POP 음원들이 총출동했습니다. 아티스트 곡명 aespa Dirty Work ALLDAY PROJECT FAMOUS BLACKPINK JUMP... ,https://blog.naver.com/eejeeiee/224090576208,https://blog.naver.com/eejeeiee/224090576208,러블리타임즈,blog.naver.com/eejeeiee,blog
2025-11-27,[신간 도서 요약] 최재붕의 글로벌 AI 트렌드,첨부파일 최재붕의 글로벌 AI 트렌드.pdf 1. 서론: 문명사적 대전환의 시작 최근 1년간 우리가 목격한 변화는 과거 10년의 변화를 훨씬 능가하는 수준이다. 특히 AI 분야에서의 자본 축적 속도는 모든 예상을... ,https://blog.naver.com/lch6688/224090550834,https://blog.naver.com/lch6688/224090550834,유머와 상식 그리고 인문학,blog.naver.com/lch6688,blog
2025-11-27,"송년회 연말공연, 성공적인 공연 선택 가이드... ",송년회공연 연말공연 기업송년회 기업공연 기업행사공연 레이저 공연 LED 트론 댄스 K-POP 공연... KPOP #데몬헌터스 #케터헌 #연말모임 #특별한순간 #환상적인공연 #APEC공연 #VIP초청공연 #식전공연 #개막식공연... ,https://blog.naver.com/scdata/224090496491,https://blog.naver.com/scdata/224090496491,감동이 있는 공연,blog.naver.com/scdata,blog
2025-11-27,트와이스 '스트래티지'로 K팝 걸그룹 최초 플래티넘 인증 획득,"이 곡은 넷플릭스의 오리지널 사운드 트랙으로도 사용되며, 많은 사랑을 받았던 ‘K팝 데몬 헌터스’의 흥행을 이끌었습니다. 이로 인해 트와이스는 미국 내에서의 인기를 다시 한번 입증하게... ",https://blog.naver.com/100bw_wisepath/224090460562,https://blog.naver.com/100bw_wisepath/224090460562,박차장 박사장 박회장,blog.naver.com/100bw_wisepath,blog
2025-11-27,"트와이스 ‘Strategy’, K팝 걸그룹 최초로 美 플래티넘... ",특히 ‘Strategy’는 넷플릭스의 오리지널 시리즈 ‘K팝 데몬 헌터스’의 사운드 트랙으로도 사용되었으며 빌보드 메인 차트 ‘핫 100’에서 17주 연속 차트인하는 경이로운 기록을 세웠습니다. 이 곡은... ,https://blog.naver.com/jhj2953/224090457137,https://blog.naver.com/jhj2953/224090457137,세상사 이모저모,blog.naver.com/jhj2953,blog
2025-11-27,"트와이스, '스트래티지'로 RIAA 플래티넘 인증의 주인공!",이 곡은 2024년 12월 6일 발매된 트와이스의 미니 14집 수록곡으로 특히 넷플릭스 오리지널 드라마 'K팝 데몬 헌터스'의 사운드트랙으로도 큰 인기를 끌었습니다. 드라마의 흥행과 함께 곡의 인기도 점차... ,https://blog.naver.com/positivenow/224090457187,https://blog.naver.com/positivenow/224090457187,positive thinking,blog.naver.com/positivenow,blog
2025-11-27,트와이스 ‘Strategy’ K팝 걸그룹 최초로 美 플래티넘 인증!,특히 ‘Strategy’는 넷플릭스의 인기 드라마 ‘K팝 데몬 헌터스’의 오리지널 사운드트랙으로 사용되면서 많은 사랑을 받았고 빌보드 메인 차트인 ‘핫 100’에서도 17주간 차트인에 성공하며... ,https://blog.naver.com/norn57_/224090454887,https://blog.naver.com/norn57_/224090454887,norn57_님의 블로그,blog.naver.com/norn57_,blog
2025-11-27,트와이스 'Strategy' K팝 걸그룹 최초의 플래티넘 인증 획득!,‘Strategy’는 특히 넷플릭스의 인기 드라마 'K팝 데몬 헌터스'의 오리지널 사운드 트랙으로 수록되어 많은 사랑을 받았습니다. 이 곡은 빌보드 메인 차트 ‘핫 100’에서 17주 차트인에 성공하며 큰 인기를... ,https://blog.naver.com/tnqkr0208/224090453425,https://blog.naver.com/tnqkr0208/224090453425,머니시그널,blog.naver.com/tnqkr0208,blog
2025-11-27,트와이스 ‘Strategy’ K팝 걸그룹 최초 미국 플래티넘 인증,특히 ‘Strategy’는 넷플릭스의 인기 드라마 ‘K팝 데몬 헌터스’의 오리지널 사운드 트랙으로 수록되어 많은 사랑을 받았습니다. 이 곡은 발매 직후부터 빌보드 메인 차트 ‘핫 100’에 17주 연속... ,https://blog.naver.com/jujupey11/224090452201,https://blog.naver.com/jujupey11/224090452201,jujupey11님의블로그,blog.naver.com/jujupey11,blog
2025-11-27,Huntrix - How It's Done 가사/해석/표현 케이팝 데몬 헌터스... ,"케이팝 데몬 헌터스 Huntrix - How It's Done Ugh, you came at a bad time But you just crossed the line... K-pop Demon Hunters 가사에서는 특히 이 라인이 본격 공격·전투 선언의 스타트... ",https://blog.naver.com/geniusinspire/224090445463,https://blog.naver.com/geniusinspire/224090445463,지아이 영어 G.I. English,blog.naver.com/geniusinspire,blog
2025-11-27,"트와이스, K팝 걸그룹 최초로 RIAA 플래티넘 인증 획득",특히 'Strategy'는 넷플릭스 드라마 'K팝 데몬 헌터스'(KPop Demon Hunters)의 오리지널 사운드 트랙으로 수록되어 있으며 이 곡은 빌보드 '핫 100' 차트에서 17주 동안 순위를 유지하며 큰 인기를 끌었습니다. 이는... ,https://blog.naver.com/tian771/224090420397,https://blog.naver.com/tian771/224090420397,루카스페이스,blog.naver.com/tian771,blog
2025-11-27,트와이스 K팝 걸그룹 최초 플래티넘 인증의 쾌거,특히 'Strategy'는 넷플릭스의 'K팝 데몬 헌터스'(KPop Demon Hunters) 오리지널 사운드트랙에도 포함되어 있어 그 흥행에 많은 기여를 했다고 합니다. 이 곡은 빌보드 메인 차트 '핫 100'에 17주간 차트인하며... ,https://blog.naver.com/romantic-page/224090420643,https://blog.naver.com/romantic-page/224090420643,좋은하루 좋은소식,blog.naver.com/romantic-page,blog
2025-11-27,"트와이스, K팝 걸그룹 최초의 RIAA 플래티넘 인증","특히, 'Strategy'는 넷플릭스의 인기 드라마 'K팝 데몬 헌터스'의 오리지널 사운드트랙에 포함되어 큰 인기를 끌었습니다. 이 곡은 빌보드 핫 100 차트에서도 17주 동안 차트인하는 성과를 올렸습니다. 정말... ",https://blog.naver.com/joa415/224090420027,https://blog.naver.com/joa415/224090420027,행복과 행운을 담는 성장재테커 리치행온,blog.naver.com/joa415,blog
2025-11-27,트와이스 K팝 걸그룹 최초로 플래티넘 인증 획득!,특히 'Strategy'는 넷플릭스의 인기 드라마 'K팝 데몬 헌터스'의 오리지널 사운드 트랙으로 사용되어 많은 이들에게 알려졌고 빌보드 메인 차트인 핫 100에서도 17주 동안 차트인에 성공하며 인기를... ,https://blog.naver.com/jujupey4/224090419283,https://blog.naver.com/jujupey4/224090419283,생활지원금 모음집,blog.naver.com/jujupey4,blog
2025-11-27,K팝 데몬 헌터스 스페셜 스테이지 라인업 완벽 정리,K팝 데몬 헌터스 스페셜 스테이지 라인업 완벽 정리 2025 마마 어워즈가 드디어 홍콩 카이탁 스타디움에서 화려한 막을 올립니다! K-POP의 위상을 전 세계에 떨치는 명실상부 최고의 음악... ,https://blog.naver.com/ohayo11/224090412000,https://blog.naver.com/ohayo11/224090412000,여행 & 어학 & 건강 그리고 행복,blog.naver.com/ohayo11,blog
2025-11-27,한글의 영향과 위대성,# #케이팝데몬헌터스 #golden #K팝 # 환율비상# 노란봉투법 #한류 # # K-pop # K뷰티 # K-드라마 #환율하락 #나로우주센터 #K-음악 #클론 # HOT # #쉬리 #겨울연가 #배용준 #카라 #원더걸스 #누리호 # 한글 # 한국문화... ,https://blog.naver.com/chmyd1691/224090387464,https://blog.naver.com/chmyd1691/224090387464,행복을 찾는 블로그,blog.naver.com/chmyd1691,blog
2025-11-27,특이점이 온 미국 추수감사절 근황,여기에 등장하는 캐릭터는 역사있는 근본 캐릭터이거나 완전 센세이션해야 풍선으로 쓸 수 있다고 올해부터 K팝 데몬헌터스 더피와 서씨가 새롭게 추가 되었다고 함. 참고로 아기 상어도 있다고.... ,https://blog.naver.com/1004chou/224090363076,https://blog.naver.com/1004chou/224090363076,Man-Hwa,blog.naver.com/1004chou,blog
2025-11-27,"베이비몬스터, 홍콩 MAMA AWARDS에서 케데헌 ‘헌트릭스’가... ","-.K-팝 시상식 ‘2025 마마 어워즈’(MAMA AWARDS)에서 금년 하반기 전 세계를 열광의 도가니로몰아넣었던 넷플릭스 애니메이션 영화 ‘케이팝 데몬 헌터스’(K-Pop Demon Hunters, 케데헌) 공식 컬레버레이션 무대를... ",https://blog.naver.com/lkyj8ch/224090360307,https://blog.naver.com/lkyj8ch/224090360307,코로나19 바이러스 트라젝토리(Trajectory),blog.naver.com/lkyj8ch,blog
2025-11-27,[또봇] 또봇3종 로봇세트 추천,"[또봇] 또봇3종 로봇세트 추천  또봇3종 로봇세트를 추천합니다! 더이상 볼 수 없는 희귀한 또봇R, 또봇C, 또봇W를 얻을 수 있어요!  박물관 주소: 안양시 동안구 관악대로 296번길 8, 2층 201호 박물관 연락처: 031-346... ",https://blog.naver.com/toyrak/224090319801,https://blog.naver.com/toyrak/224090319801,판다의 장난감박물관,blog.naver.com/toyrak,blog
2025-11-27,"홍콩 44명 사망·279명 실종 참사… MAMA, 레드카펫 취소하고... ",기사 ▽ &quot; #뉴스 #홍콩 #화재 #홍콩화재 #왕푹코트 #홍콩참사 #MAMA2025 #마마어워즈 #레드카펫취소 #묵념 #녹화중계 #주윤발불참 #양자경불참 #사자보이즈 #케이팝데몬헌터스 #YourIdol #불꽃연출금지... ,https://blog.naver.com/bryan131/224090314581,https://blog.naver.com/bryan131/224090314581,Kingsnake Blog,blog.naver.com/bryan131,blog
2025-11-27,홍콩 화재 속 MAMA 시상자 출국 아티스트 일정,"이번 행사는 특히 넷플릭스 애니메이션 ‘케이팝 데몬 헌터스’와의 협업 무대, 트레저와 베이비몬스터 등 YG 신세대 아티스트들의 출연으로 관심이 높았습니다. 따라서 단순 취소보다는 사회적 공감대... ",https://blog.naver.com/feedcode/224090295272,https://blog.naver.com/feedcode/224090295272,Feedcode,blog.naver.com/feedcode,blog
2025-11-27,"YG 양현석, MAMA 현장 지원 홍콩 향한 11년 만의 행보",2025 MAMA X YG 주요 구성 요약표 구분 YG 아티스트 주요 무대 내용 특징 요약 오프닝 트레저 ‘쾌지나칭칭’ 리메이크 무대 K-힙 테마 오프닝 콜라보 무대 베이비몬스터 ‘케이팝 데몬 헌터스’ 콘셉트... ,https://blog.naver.com/feedcode/224090285377,https://blog.naver.com/feedcode/224090285377,Feedcode,blog.naver.com/feedcode,blog
2025-11-27,"YG 양현석, MAMA 현장 지원 글로벌 도약",트레저는 올해 MAMA의 포문을 여는 ‘챕터 1: K-힙’ 무대를 통해 1TYM의 히트곡 ‘쾌지나칭칭’을... 베이비몬스터MAMA #케이팝데몬헌터스 #YGIP #KPOP시상식 #MAMA어워즈 #글로벌KPOP #YG리더십 #KPOP뉴스,https://blog.naver.com/hotword_diary/224090284466,https://blog.naver.com/hotword_diary/224090284466,Doongnews,blog.naver.com/hotword_diary,blog
2025-11-27,아이들과 함께 할로윈 시즌 에버랜드 나들이,"&lt;♡공감&gt;, &lt;댓글&gt; 부탁드립니다~ &lt;♡공감&gt;은 비용이 들지 않아요~ :D #손님과채밍 #정돈일기 #리뷰 #후기 #에버랜드 #오즈의마법사 #K좀비 #할로윈시즌 #에버랜드할로윈 #K팝데몬헌터스 #케이팝데몬헌터스",https://blog.naver.com/soul9722/224090242997,https://blog.naver.com/soul9722/224090242997,정돈일기,blog.naver.com/soul9722,blog
2025-11-27,[메탈카드봇S] 당신의 블래스트레인을 골라주세요!,[메탈카드봇S] 당신의 블래스트레인을 골라주세요!  [고르기 ⬇️] #또봇 #또봇15주년 #또봇팝업스토어 #또봇굿즈 #또봇할인 #또봇유출 #또봇팬아트 #또봇그림 #또봇X #또봇X프라모델 #또봇프라모델 #또봇프라... ,https://blog.naver.com/toyrak/224090211217,https://blog.naver.com/toyrak/224090211217,판다의 장난감박물관,blog.naver.com/toyrak,blog
2025-11-27,251127_글로벌 주식투자 빅시프트(2부 11장: 엔터테인먼트),[단독] 'K-팝 데몬 헌터스' 인기 열풍에 짝퉁 굿즈 판친다…아이브·뉴진스·BTS 피해 속출 2. 글로벌 음악 밸류체인과 주요 기업들 1) 음악 산업의 구성 - 곡 또는 아티스트를 확보하고 있는 지식재산권... ,https://blog.naver.com/greenstar_87/224090181999,https://blog.naver.com/greenstar_87/224090181999,반짝반짝 초록별자리,blog.naver.com/greenstar_87,blog
2025-11-27,"'마마 어워즈' 하루 앞두고 초비상,드레스 급변경부터 무대... ",넷플릭스 애니메이션 '케이팝 데몬 헌터스'와의 협업 무대도 마찬가지. ‘헌트릭스’와 ‘사자 보이즈’의 저승사자 퍼포먼스는 현재까지 보류 중이라고 알려졌어요. 시상자와 아티스트도 긴급 대응 양자경... ,https://blog.naver.com/snack_blog/224090177005,https://blog.naver.com/snack_blog/224090177005,잠깐의 여유,blog.naver.com/snack_blog,blog
2025-11-27,안양 포켓몬카드 까는곳,안양 포켓몬카드 까는곳  이웃 여러분 안녕하세요. ♂️ 오늘 방문하신 분은?! 평소 디지몬을 좋아하시다가 포켓몬카드에 눈이 가셔 처음으로 박스를 구매하셨어요. 포켓몬카드가 전국적으로 인기가 많고... ,https://blog.naver.com/toyrak/224090117665,https://blog.naver.com/toyrak/224090117665,판다의 장난감박물관,blog.naver.com/toyrak,blog
2025-11-27,세계지식포럼 인사이트 2026 - 뉴 오디세이: 대전환기를... ,"인기 셰프 에드워드 리를 필두로, 넷플릭스의 히트작 〈케이팝 데몬 헌터스〉를 제작한... 단 K-팝 - 아심 마서, 윤상보, 이종무 2장 마음을 움직이다 • 마음을 사로잡는 오바마 연설문의 비밀 - 코디 키넌... ",https://blog.naver.com/mkpublishing/224090096106,https://blog.naver.com/mkpublishing/224090096106,매경출판 공식블로그,blog.naver.com/mkpublishing,blog
2025-11-27,일상:) 한지로 만드는 다양한 DIY키트 &quot;한지꽃이 피었습니다&quot;,k팝 데몬헌터스의 선한 영향력을 받아 요즘 우리 문화가 핫하죠? 미세먼지 가득한 주말 날씨도 안좋고 아이와 집에서 할 홈키트로 한지공예 키트가 있어서 주문해보았어요^^ 다양한 DIY키트중에 평소 후식을... ,https://blog.naver.com/jhja0606/224090092328,https://blog.naver.com/jhja0606/224090092328,P_stay,blog.naver.com/jhja0606,blog
2025-11-27,"'2025 마마 어워즈' 홍콩 참사 직격탄, 공연·드레스·무대 전면... ","특히 넷플릭스 애니메이션 ‘케이팝 데몬 헌터스’와의 컬래버 무대에서 계획됐던 '저승사자 콘셉트' 의상과 퍼포먼스는 애도 분위기와 어긋난다는 판단 아래, 보류 및 전면 수정이 논의되고 있습니다. 불이... ",https://blog.naver.com/nero856/224090072817,https://blog.naver.com/nero856/224090072817,seize the day,blog.naver.com/nero856,blog
2025-11-27,트와이스 채영 소코모도 신곡 피처링 Wake Up,"채영은 그동안 넷플릭스 K팝 데몬 헌터스의 OST TAKEDOWN과 트와이스 미니 14집 수록곡 Strategy를 빌보드 핫 100 차트에 장기간 올려놓으며, 그룹 활동을 넘어선 솔로 아티스트로서의 역량과 글로벌 영향력을... ",https://blog.naver.com/narimaro99/224090071032,https://blog.naver.com/narimaro99/224090071032,갑질하는 것들 이야기,blog.naver.com/narimaro99,blog
2025-11-27,K-pop Demon Hunters,K-팝 데몬 헌터스 (K-pop Demon Hunters)라는 애니메이션 영화가 좋은 성적을 기록 중이다. 영화 속 루미. 미라. 조이라는 캐릭터가 완벽한 슈퍼우먼이라서 성공한 것은 아닐 것이다. 성공 요인은 그들이 서로를... ,https://blog.naver.com/alto1166/224090062918,https://blog.naver.com/alto1166/224090062918,기러기,blog.naver.com/alto1166,blog
2025-11-27,지금 넷플릭스 '찐' 흥행작 TOP 7 | 놓치면 후회할 드라마/영화... ,K팝 세계관 액션의 장기 흥행 애니메이션 및 음악 팬이라면 K팝 세계관을 차용한 〈케이팝 데몬 헌터스〉가 꾸준히 사랑받는 이유를 발견하실 수 있을 거예요. 장르적 특성이 확실한 이 작품은 데이터 기반 추천... ,https://blog.naver.com/mekikim23/224090044037,https://blog.naver.com/mekikim23/224090044037,고민해결사의 꼼꼼한 상품 분석,blog.naver.com/mekikim23,blog
2025-11-27,"'2025 마마 어워즈' 비상, 드레스 급변경→'케데헌' 저승사자... ",특히 넷플릭스 애니메이션 ‘케이팝 데몬 헌터스’와의 공식 컬래버로 예정돼 있던 무대가 다시 고려 대상에 올랐습니다. 영화 속 세계관을 활용해 ‘저승사자 콘셉트’ 퍼포먼스를 선보일 예정이었지만... ,https://blog.naver.com/caritzy/224090032748,https://blog.naver.com/caritzy/224090032748,caritzy life,blog.naver.com/caritzy,blog
2025-11-27,2025 MAMA 케데헌 실사 무대 K팝과 애니의 융합 시도,"④ 케이팝 데몬 헌터스와의 세계관 연동 2025 MAMA 케데헌 실사 무대는 단순한 이벤트가 아니라, 넷플릭스 오리지널 애니메이션 ‘케이팝 데몬 헌터스’의 확장판 성격을 띱니다. 원작 애니메이션은 K... ",https://blog.naver.com/feedcode/224090028064,https://blog.naver.com/feedcode/224090028064,Feedcode,blog.naver.com/feedcode,blog
2025-11-27,&quot;불꽃 특효·빨간색 의상 자제&quot; 홍콩 화재에 '마마 어워즈' 긴급... ,"또한, 많은 기대를 모았던 넷플릭스 애니메이션 영화 '케이팝 데몬 헌터스'의 저승사자 컨셉트의 사자보이즈 협업 무대도 재검토되고 있는 것으로 알려져, 인명 피해에 대한 애도 분위기를 최대한... ",https://blog.naver.com/sookjin70/224090017486,https://blog.naver.com/sookjin70/224090017486,지니의스몰토크,blog.naver.com/sookjin70,blog
2025-11-27,"“숨 쉴 틈 없는 질주”…트와이스, ‘Strategy’로 美... ","넷플릭스 작품 ‘K팝 데몬 헌터스’의 오리지널 사운드 트랙에 수록돼 작품 흥행을 견인했습니다. 이와 함께 빌보드 메인 차트 ‘핫 100’에 17주 동안 이름을 올리며 롱런에 성공했고, 발매 1년이 채... ",https://blog.naver.com/nannany000/224089980103,https://blog.naver.com/nannany000/224089980103,엔터(ENT)키를 눌러라,blog.naver.com/nannany000,blog
2025-11-27,2025 마마 어워즈 홍콩 참사로 인한 비상사태,특히 넷플릭스 애니메이션 '케이팝 데몬 헌터스'와의 공식 컬래버 무대에서 '저승사자' 콘셉트 의상과 퍼포먼스도 다시 고려되고 있다고 해요. 이러한 참사 상황에서 퍼포먼스가 부적절하게 맞물릴 수 있다는... ,https://blog.naver.com/jujupey00/224089913104,https://blog.naver.com/jujupey00/224089913104,jujupey00님의블로그,blog.naver.com/jujupey00,blog
2025-11-27,트와이스 K팝 걸그룹 최초의 플래티넘 인증 달성!,'스트래티지'는 넷플릭스의 인기 드라마 '케이팝 데몬 헌터스'의 OST로도 사용되어 많은 사랑을 받았고 빌보드 '핫 100' 차트에서도 17주간이나 이름을 올리는 대기록을 세웠습니다. 트와이스는 올해 데뷔... ,https://blog.naver.com/kangzx1/224089893926,https://blog.naver.com/kangzx1/224089893926,리파님의 블로그,blog.naver.com/kangzx1,blog
2025-11-27,2025 마마 어워즈 ‘케데헌’ 실사화 무대 전격 공개!... ,"K팝 데몬 헌터스와 마마 어워즈의 만남, 헌트릭스 vs 사자보이즈 실사 무대에 전 세계 주목 2025 마마 어워즈(MAMA AWARDS)가 넷플릭스 애니메이션 ‘케이팝 데몬 헌터스(K-pop Demon Hunters)’와 손잡고 놀라운... ",https://blog.naver.com/leeyanglove/224089838777,https://blog.naver.com/leeyanglove/224089838777,수영조아,blog.naver.com/leeyanglove,blog
2025-11-27,[헬로카봇] 그랜드카봇GX 한정판 정보가 공개!,[헬로카봇] 그랜드카봇GX 한정판 정보가 공개!  [헬로카봇] 그랜드카봇GX 한정판 정보가 공개되었습니다! [정보보기 ⬇️] #또봇 #또봇15주년 #또봇팝업스토어 #또봇굿즈 #또봇할인 #또봇유출 #또봇팬아트... ,https://blog.naver.com/toyrak/224089812864,https://blog.naver.com/toyrak/224089812864,판다의 장난감박물관,blog.naver.com/toyrak,blog
2025-11-27,2026년 경제전망,# #케이팝데몬헌터스 #golden #K팝 # 환율비상# 노란봉투법 #한류 # # K-pop # K뷰티 # K-드라마 #환율하락 #나로우주센터 #K-음악 #클론 # HOT # #쉬리 #겨울연가 #배용준 #카라 #원더걸스 #누리호 # 한글 # 한국문화... ,https://blog.naver.com/chmyd1691/224089796717,https://blog.naver.com/chmyd1691/224089796717,행복을 찾는 블로그,blog.naver.com/chmyd1691,blog
2025-11-27,"연말 데이트 필수 코스! 2025년 12월 서울 팝업 일정, 장소... ",K-POP &amp; 캐릭터 팝업 탐방 1. 넷플릭스 팬이라면 필수! 케이팝 데몬 헌터스 팝업 이미지출처: 네이버플레이스 팝업정보 25.12.04.(목) ~ 12.28.(일) 드디어 전 세계를 뒤흔든 넷플릭스 '케이팝 데몬 헌터스'의... ,https://blog.naver.com/h_hunyaa/224089737551,https://blog.naver.com/h_hunyaa/224089737551,아무일상,blog.naver.com/h_hunyaa,blog
2025-11-27,트와이스 또 해냈다… 미국서 K팝 걸그룹 최초 플래티넘 인증,✨ 더 대단한 건 Strategy가 넷플릭스 작품 K팝 데몬 헌터스의 OST로 사랑받으며 빌보드 핫100에도 17주... RIAA플래티넘 #KPOP걸그룹최초 #KPOP뉴스 #글로벌걸그룹 #빌보드핫100 #데몬헌터스OST #월드투어THISISFOR,https://blog.naver.com/livehappyday/224089730062,https://blog.naver.com/livehappyday/224089730062,재미있는 세상살이,blog.naver.com/livehappyday,blog
2025-11-27,CO-SHOW -  첨단교육 SHOW로,케이팝데몬헌터스 #수영구청민원실 #도심속 #숲속쉼터 #KBS #부산방송총국 #남천동성당 #산책길... WSCE #K-ICT #벡스코 #해운대 #해리단길 #나가하마만게츠 #다크패턴 #서면 젊음의거리형상물 #서면맥도날드... ,https://blog.naver.com/knn/224089720779,https://blog.naver.com/knn/224089720779,Where to go 펀에디터 fun editor,blog.naver.com/knn,blog
2025-11-27,대한민국 해양모빌리티 안전엑스포,케이팝데몬헌터스 #수영구청민원실 #도심속 #숲속쉼터 #KBS #부산방송총국 #남천동성당 #산책길... WSCE #K-ICT #벡스코 #해운대 #해리단길 #나가하마만게츠 #다크패턴 #서면 젊음의거리형상물 #서면맥도날드... ,https://blog.naver.com/knn/224089717560,https://blog.naver.com/knn/224089717560,Where to go 펀에디터 fun editor,blog.naver.com/knn,blog
2025-11-27,"[화장품 업황 점검] 흔들림 딛고 피어날 K뷰티, 2026년 재도약","흔들림 딛고 피어날 K 뷰티 , 2026 년 재도약 - 이러한 요인들로 K뷰티에 대한 투자 우려가 존재하지만... - 또한, ‘서울병’, ‘K팝데몬헌터스’ 등 높아진 기존 인바운드 수요와 맞물려 긍정적인... ",https://blog.naver.com/won2582/224089578499,https://blog.naver.com/won2582/224089578499,자이로콰이,blog.naver.com/won2582,blog
2025-11-27,"할리우드의 새로운 강자, 아이들이 사랑하는 PG 영화의 부활과... ",극장을 꺼리는 넷플릭스조차도 알파 세대에게 &quot;K팝 데몬 헌터스&quot;의 한정된 극장 상영을 제공했습니다.... 아든 조와 케빈 우가 이층 버스에 탑승하고 K팝 데몬 헌터스 싱어롱 체험에서 팬들을 맞이하고... ,https://blog.naver.com/jeunkim/224088753544,https://blog.naver.com/jeunkim/224088753544,피우스의 책도둑 & 매거진,blog.naver.com/jeunkim,blog
2025-11-27,[산업리포트] 화장품_화장품 업황 점검: 흔들림 딛고 피어날 K... ,"#산업리포트 #화장품 #K-뷰티 #2026년 출처: https://finance.naver.com/research/industry_read.naver?nid=42516&amp;page=1... 또한, ‘서울병’, ‘K팝데몬헌터스’ 등 높아진 기존 인바운드 수요와 맞물려 긍정적인 시너지가... ",https://blog.naver.com/whiteday0626/224089568195,https://blog.naver.com/whiteday0626/224089568195,경제적 자립을 위하여!,blog.naver.com/whiteday0626,blog
2025-11-27,"양현석, MAMA 품격 높일 11년 만의 결단...살아있는 K팝... ",특히 베이비몬스터는 넷플릭스 화제작 ‘케이팝 데몬 헌터스’와의 컬래버 무대 ‘원더 스테이지’를 통해 영화 속 서사를 재현할 계획입니다. 양 총괄의 조언과 응원이 더해져 역대급 퍼포먼스가... ,https://blog.naver.com/plug_and_play_life/224089563272,https://blog.naver.com/plug_and_play_life/224089563272,Plug & Play Life (플러그 앤 플레이 라이프),blog.naver.com/plug_and_play_life,blog
2025-11-27,"엔터주 + 넷플릭스 투자, KoAct 글로벌 K컬처 밸류체인... ","넷플릭스 데몬헌터스까지 여러분, 지난 APEC 정상회담에서 지드래곤에 공연 영상 보셨나요? 말레이시아 총리가 K 팝 팬들의 요청에 SNS에서 지드래곤 공영 영상을 올리면서, 화제가 되었는데요. 저도 이... ",https://blog.naver.com/mushroomj/224088773387,https://blog.naver.com/mushroomj/224088773387,루시's 국내 ETF 투자가이드,blog.naver.com/mushroomj,blog
2025-11-27,눈에 보는 뮤직 2025년11월27일,"케이팝데몬헌터스 #헌트릭스 #골든 #케데헌 #사자보이스 #소다팝 #더피 #호 춤추는가을... &gt; 썽미니 오유진, K-트로트 차세대 주역 오유진, K-트로트 차세대 주역 인정받았다…&quot;성장하는 가수 될 것... ",https://blog.naver.com/c1c1b1b1/224089469256,https://blog.naver.com/c1c1b1b1/224089469256,5천만 국민.질병 없는.백년건강 위하여~~~,blog.naver.com/c1c1b1b1,blog
2025-11-27,"MAMA 2025 헌트릭스 vs 사자보이즈, 세계관 기반 퍼포먼스 예고",출처 : 스포츠경향 #MAMA2025헌트릭스vs사자보이즈 #MAMA2025 #헌트릭스 #사자보이즈 #BABYMONSTER #BOYNEXTDOOR #RIIZE #TWS #ZEROBASEONE #케이팝데몬헌터스 #원더스테이지 #홍콩카이탁스타디움 #엔터뉴스 #이선명기자,https://blog.naver.com/leeyujulove/224089447920,https://blog.naver.com/leeyujulove/224089447920,쭈기자 TV톡,blog.naver.com/leeyujulove,blog
2025-11-27,"MAMA 2025 헌트릭스 vs 사자보이즈, 세계관 협업으로 확장된... ",스포츠경향 #MAMA2025헌트릭스vs사자보이즈 #MAMA2025 #헌트릭스 #사자보이즈 #BABYMONSTER #보이넥스트도어 #RIIZE #TWS #ZEROBASEONE #케이팝데몬헌터스 #원더스테이지 #MAMA무대 #홍콩카이탁스타디움 #엔터뉴스... ,https://blog.naver.com/lhg1044/224089445724,https://blog.naver.com/lhg1044/224089445724,꾸미꾸미 방송나라,blog.naver.com/lhg1044,blog
2025-11-27,"MAMA 2025 헌트릭스 vs 사자보이즈, 애니메이션 세계관까지... ",스포츠경향 #MAMA2025헌트릭스vs사자보이즈 #MAMA2025 #헌트릭스 #사자보이즈 #베이비몬스터 #RIIZE원빈 #BOYNEXTDOOR이한 #TWS신유 #제로베이스원 #케이팝데몬헌터스 #CJENM #원더스테이지 #MAMA무대... ,https://blog.naver.com/yooju0913/224089443299,https://blog.naver.com/yooju0913/224089443299,루빵루나,blog.naver.com/yooju0913,blog
2025-11-27,"양현석 총괄, 11년 만에 '2025 MAMA AWARDS' 전격 등판!... ","베이비몬스터, 넷플릭스 '케이팝 데몬 헌터스' 콜라보 무대 예고 데뷔 1년 만에 월드투어 32회... KPOP #시상식 #홍콩 #글로벌 #YG #K팝데몬헌터스 #원더스테이지 #팬덤 #아이돌 #엔터테인먼트 #뉴스 #서이추",https://blog.naver.com/be2_h/224089398274,https://blog.naver.com/be2_h/224089398274,Be2,blog.naver.com/be2_h,blog
2025-11-27,"MAMA2025 비주얼 미친 현실판 헌트릭스, 사자보이즈 무대 예정","연예계 소식을 쉽고 빠르게 전해드리는 모디어리입니다:) 오늘은 2025 MAMA 어워즈에서 펼쳐질 역대급 콜라보 무대, 넷플릭스 애니메이션 영화 &lt;케이팝 데몬 헌터스&gt;의 ‘사자보이즈’ 현실판 무대에 대해... ",https://blog.naver.com/modiary-archive/224089383265,https://blog.naver.com/modiary-archive/224089383265,예쁜 게 다는 아니지만,blog.naver.com/modiary-archive,blog
2025-11-26,미림아트 #케이팝_데몬헌터스 캐릭터 조형물 제작,"이번에 저희가 진행한 프로젝트는 독특한 세계관으로 주목받고 있는 '케이팝 데몬 헌터스(K-pop Demon Hunters)' 캐릭터 조형물 제작입니다! K-pop 아이돌이 악마를 사냥한다는 흥미로운 컨셉처럼, 이 조형물 역시... ",https://blog.naver.com/mirim535/224089353458,https://blog.naver.com/mirim535/224089353458,윈드조형 블로그,blog.naver.com/mirim535,blog
2025-11-26,"양현석의 11년 만의 외출, 홍콩 2025 MAMA 현장 방문 - 트레저... ","먼저 트레저는 ‘K-힙’을 주제로 보이넥스트도어, 코르티스 등과 함께 오프닝 무대를 연다. 특히... 베이비몬스터는 넷플릭스 화제작 애니메이션 ‘케이팝 데몬 헌터스’와의 콜라보레이션 무대를... ",https://blog.naver.com/ryc3030/224089343678,https://blog.naver.com/ryc3030/224089343678,밍기적사운드,blog.naver.com/ryc3030,blog
2025-11-26,서울 겨울축제 끝판왕! 2025 서울윈터페스타 일정·장소... ,케이팝 데몬 헌터스(케데헌) 열풍을 이어갈 K-컬처존도 놓치지 마세요!  특히 MZ세대의 새해... • 겨울잠자기 대회: 도심 속 이색 대결 • K-팝 댄스파티: 무선 헤드폰으로 즐기는 파티 • 거리 퍼레이드... ,https://blog.naver.com/break_eat/224089328205,https://blog.naver.com/break_eat/224089328205,내 맘대로 먹고 즐기는 블로그,blog.naver.com/break_eat,blog
2025-11-26,"송년회 연말공연, 최고의 선택을 위한 베스트 3: 간결하고... ",송년회공연 연말공연 기업송년회 기업공연 기업행사공연 레이저 공연 LED 트론 댄스 K-POP 공연... KPOP #데몬헌터스 #케터헌 #연말모임 #특별한순간 #환상적인공연 #APEC공연 #VIP초청공연 #식전공연 #개막식공연... ,https://blog.naver.com/scdata/224089303499,https://blog.naver.com/scdata/224089303499,감동이 있는 공연,blog.naver.com/scdata,blog
2025-11-26,&lt;2025 마마 역대급 퍼포밍 아티스트 라인업 공개&gt; 범접 박보검... ,&lt;케이팝 데몬 헌터스&gt; 케데헌 헌트릭스 사자보이즈로 변신한 아이돌? 올해 전 세계를 강타한 넷플릭스 '케이팝 데몬 헌터스' 속 화제의 아이돌! #마마헌트릭스 #마마사자보이즈 가 최초... ,https://blog.naver.com/anything196/224089302969,https://blog.naver.com/anything196/224089302969,보고싶은 것만 리뷰,blog.naver.com/anything196,blog
2025-11-26,한국 애니메이션 ‘케데헌’이 오스카 후보가 된 이유는 바로... ,"바로 애니메이션 ‘K팝 데몬 헌터스(K-pop Demon Hunters)’, 줄여서 ‘케데헌’이 미국 아카데미 시상식... 케이팝 데몬 헌터스는 단순한 애니메이션이 아닙니다. 그 속에는 K팝 아이돌 문화, 악과의 싸움이라는... ",https://blog.naver.com/soyeon-news/224089243575,https://blog.naver.com/soyeon-news/224089243575,소소한 행복 기록장,blog.naver.com/soyeon-news,blog
2025-11-26,내가 좋아하는 음악들~,"제가 제일 좋아하는 음악 소다팝입니다~~ Golden 노래HUNTR/X, EJAE, AUDREY NUNA, REI AMI, KPop Demon Hunters Cast2025.06.20. 데몬헌터스에서 빠질 수 없는 곡이죠~ 멋진곡 골든",https://blog.naver.com/eunhea25/224089236090,https://blog.naver.com/eunhea25/224089236090,우리네님의 블로그,blog.naver.com/eunhea25,blog
2025-11-26,2025.11.26(WED) 패션 뉴스에서 발견한 인사이트 노트,"IP 협업의 확산 에잇세컨즈의 'K-팝 데몬 헌터스' 협업 컬렉션이 1,2차 모두 품절되며 학부모층, 중고생 등 신규 고객을 유입시켰다. 스파오는 산리오·웹툰·애니와 협업하고, 무신사는 블루 아카이브... ",https://blog.naver.com/lbrmerci/224089229420,https://blog.naver.com/lbrmerci/224089229420,별모양 스페이스＊,blog.naver.com/lbrmerci,blog
2025-11-26,케이팝 데몬 헌터스2 제작 소식부터 기대 포인트까지 총정리,"K-영화, K-팝을 넘어서 이제는 한국형 애니메이션까지 글로벌로 뻗어가고 있는데요 그 중심에 있는 작품이 바로 케이팝 데몬 헌터스, 팬들 사이에서는 “케데헌”이라고 불리는 작품이에요 시즌1이 공개된... ",https://blog.naver.com/okbok123/224089138236,https://blog.naver.com/okbok123/224089138236,쉽게 끄적 거려보는 경제 이야기,blog.naver.com/okbok123,blog
2025-11-26,"[단독] 살아있는 K팝 역사…양현석, MAMA 품격 높일 11년... ","&quot;11년 만에 시상식 현장으로 돌아온 K-POP의 '거물'&quot; 와, 이거 정말 대박 소식 아닌가요?... 서태지와아이들 #빅뱅 #블랙핑크 #11년만의복귀 #글로벌KPOP #총괄프로듀서 #2025MAMA #케이팝데몬헌터스 #시상식 #YG미래",https://blog.naver.com/dance6141/224089190219,https://blog.naver.com/dance6141/224089190219,리라의 해피 바이러스,blog.naver.com/dance6141,blog
2025-11-26,"엔터사, 중국보다 &quot;이 곳&quot;에 집중한다?",2) 스트리밍 최근 케이팝 데몬 헌터스 영화가 인기를 끌고 탑티어 그룹이 월드투어를 돌면서 K팝에 대한 관심이 높습니다. OST 이외에 K팝 스트리밍횟수도 덩달아 올라갔어요. 북미 K팝 스트리밍 비중: 8월 3.1... ,https://blog.naver.com/savoryrecipe/224089132822,https://blog.naver.com/savoryrecipe/224089132822,짭짤한 투자레시피,blog.naver.com/savoryrecipe,blog
2025-11-26,[K-VERB HUNTERS] 시제 심판 #4. WALK 동사 능동태 현재/과거... ,"#K팝데몬헌터스 #sajaboys #영어공부 #영어표현 #KCulture #TheVerbHunters #영어동사 #진행시제 The K-VERB HUNTERS 12 VERB TENSE In ENGLISH 4th STORY; PERFECT CONTINUOUS TENSE  도입부 &quot;네 번째이자, WALK... ",https://blog.naver.com/sajaboys_korea/224088962978,https://blog.naver.com/sajaboys_korea/224088962978,SAJABOYS: The Verb Hunters,blog.naver.com/sajaboys_korea,blog
2025-11-26,트레저와 베이비몬스터 마마 어워즈에서의 특별한 무대,"넷플릭스의 애니메이션 '케이팝 데몬 헌터스'와의 콜라보레이션 무대를 선보이며, 팬들에게 짜릿한 고음을 선사할 것으로 기대됩니다. 주인공 헌트릭스 3인방인 파리타, 아현, 로라가 어떤 매력을 발산할지... ",https://blog.naver.com/romantic-page/224089064940,https://blog.naver.com/romantic-page/224089064940,좋은하루 좋은소식,blog.naver.com/romantic-page,blog
2025-11-26,11월 셋째주 글로벌 영화 순위 샴페인 프라블럼이 1위,"K팝과 악마 사냥꾼의 만남, 케이팝 데몬 헌터스 5위에 오른 '케이팝 데몬 헌터스(KPop Demon Hunters)'는 제목만으로도 흥미를 끄는데요. K-Pop 슈퍼스타들이 콘서트 무대 뒤에서 비밀 능력을 이용해 팬들을... ",https://blog.naver.com/coldplaly/224089042444,https://blog.naver.com/coldplaly/224089042444,H,blog.naver.com/coldplaly,blog
2025-11-26,멕시코에서 중산층이란? &quot;얼마를 벌어야 할까?&quot;,"멕시코 중산층, 그들은 누구이며, 삶은 어떤 모습일까? 어느 국가나 중산층에 대한 기준은 비슷하다. 집과 차를 소유하고 1년에 한두 번이라도 휴가를 즐길 수 있다면 중산층의 기준을 충족하는... ",https://blog.naver.com/mundus_lawfirm/224088870860,https://blog.naver.com/mundus_lawfirm/224088870860,MUNDUS APERTUS,blog.naver.com/mundus_lawfirm,blog
2025-11-26,2025.11.25(화) CONNECTION DAILY NEWS,"미국 K-푸드 검색 데이터, 졸리비의 국내 브랜드 인수, CJ ENM 셋톱박스 분석은 데이터 기반 상품... 반스, &lt;케이팝 데몬 헌터스&gt;와 협업 티저 공개 • 포스트 아카이브 팩션, 디스트릭트 비전과 협업... ",https://blog.naver.com/agencyconnection/224088816436,https://blog.naver.com/agencyconnection/224088816436,에이전시커넥션,blog.naver.com/agencyconnection,blog
2025-11-26,"“차트에 박힌 이름”…KATSEYE, ‘Gabriela’로 연말... ","여기에 테일러 스위프트 신곡과 ‘케이팝 데몬 헌터스’ OST까지 강세를 유지하고 있어, 치열한... KATSEYE는 방시혁 의장의 ‘K-팝 방법론’을 바탕으로 하이브 아메리카의 체계적인 T&amp;D 시스템을... ",https://blog.naver.com/nannany000/224088735015,https://blog.naver.com/nannany000/224088735015,엔터(ENT)키를 눌러라,blog.naver.com/nannany000,blog
2025-11-26,'MAMA·케데헌 협업 무대' 헌트릭스·베몬 사자보이즈·원빈... ,세계적인 인기를 끈 넷플릭스 오리지널 애니메이션 '케이팝 데몬 헌터스'(K-Pop Demon Hunters)와의 공식 협업 무대를 예고한 '2025 마마 어워즈'(2025 MAMA AWARDS)가 각각 헌트릭스(HUNTR/X)와 보이그룹... ,https://blog.naver.com/joayozzang/224088650072,https://blog.naver.com/joayozzang/224088650072,하고 싶은 일에 흔적을...,blog.naver.com/joayozzang,blog
2025-11-26,"에버랜드 크리스마스 판타지 2025, 온 가족이 함께하는 겨울... ","넷플릭스와 협업한 데몬 헌터스 싱어롱 콘셉트로, 알파인빌리지 중심에서 화려한 불꽃과 OST, 미디어아트가 어우러져 연말 분위기를 절정으로 끌어올립니다. 12월 중순부터는 스노우버스터, 야드, 트랙 등... ",https://blog.naver.com/engineer11092/224087821530,https://blog.naver.com/engineer11092/224087821530,여행픽,blog.naver.com/engineer11092,blog
2025-11-26,2025 MAMA AWARDS 마마 2025 일정 라인업,"‘케이팝 데몬 헌터스’ 공식 콜라보 무대 베이비몬스터(BABYMONSTER), 보이넥스트도어(BOYNEXTDOOR), 라이즈(RIIZE), 투어스(TWS), 제로베이스원(ZEROBASEONE) 멤버들이 참여합니다. 2일차 MC 김혜수 2일차 아티스트... ",https://blog.naver.com/amondi02/224088592996,https://blog.naver.com/amondi02/224088592996,아몬디,blog.naver.com/amondi02,blog
2025-11-26,케이팝 데몬헌터스 감독이 밝힌 “한국 여성 무당 이미지”,"파주점집 소울궁이 느끼는 ‘우리 신앙의 힘’과 앞으로의 길 최근 세계적으로 화제가 된 애니메이션 〈케이팝 데몬헌터스〉(K-Pop Demon Hunters). 케이팝 데몬 헌터스 가족, 코미디2025메기 강, 크리스 애펄헌즈... ",https://blog.naver.com/han192899/224086661556,https://blog.naver.com/han192899/224086661556,답답함을 해소하는 점집 소울궁,blog.naver.com/han192899,blog
2025-11-26,넷플릭스 데몬헌터스 마포공방 방과후 토탈공예... ,소소미공방 &quot; K-POP 데몬 헌터스 감성!&quot; 방과후 토탈공예 시간에는 아이들이 정말 좋아할 만한 **K-콘텐츠 감성의 ‘데몬 헌터스 블루 호랑이 휴지걸이’**를 만들었어요. 강렬한 눈빛과 귀여운 표정이 공존하는 이... ,https://blog.naver.com/b960614/224088557988,https://blog.naver.com/b960614/224088557988,소소미공방/업사이클/양말목/새활용/커피박/바다유리,blog.naver.com/b960614,blog
2025-11-26,전시 &lt;케이팝데몬헌터스&gt; 세계관과 맞닿은 한국적 상징성... ,이는 케이팝데몬헌터스가 전통 설화와 도상을 차용해 K-팝 세계관과 액션 판타지 서사를 결합하는 방식과 자연스럽게 연결된다. 특히 한국적 미감을 기반으로 새로운 글로벌 콘텐츠를 창조한다는 점에서 두... ,https://blog.naver.com/online_c/224088501333,https://blog.naver.com/online_c/224088501333,미대교수•미대뉴스,blog.naver.com/online_c,blog
2025-11-26,부산 아세안주간,케이팝데몬헌터스 #수영구청민원실 #도심속 #숲속쉼터 #KBS #부산방송총국 #남천동성당 #산책길... WSCE #K-ICT #벡스코 #해운대 #해리단길 #나가하마만게츠 #다크패턴 #서면 젊음의거리형상물 #서면맥도날드... ,https://blog.naver.com/knn/224088498160,https://blog.naver.com/knn/224088498160,Where to go 펀에디터 fun editor,blog.naver.com/knn,blog
2025-11-26,동구문화플랫폼  커피박물관,케이팝데몬헌터스 #수영구청민원실 #도심속 #숲속쉼터 #KBS #부산방송총국 #남천동성당 #산책길... 생선구이 #꼼장어구이 #해운대장산누리길걷기 #수제쿠키판매 #롯데백화점 #생활의달인 #카스티야 #팝 ,https://blog.naver.com/knn/224088495858,https://blog.naver.com/knn/224088495858,Where to go 펀에디터 fun editor,blog.naver.com/knn,blog
2025-11-26,[헬로카봇] 마이티캅스 망토 호환됩니다!,[헬로카봇] 마이티캅스 망토 호환됩니다!  [사진보기 ⬇️] #또봇 #또봇15주년 #또봇팝업스토어 #또봇굿즈 #또봇할인 #또봇유출 #또봇팬아트 #또봇그림 #또봇X #또봇X프라모델 #또봇프라모델 #또봇프라 #영실업... ,https://blog.naver.com/toyrak/224088488923,https://blog.naver.com/toyrak/224088488923,판다의 장난감박물관,blog.naver.com/toyrak,blog
2025-11-26,2025년 11월 26일 09시 ~ 12시 - 뉴스 모음,중국 여행객 증가에 K-소비주 탄력받나 한화에어로스페이스 서울경제 11:46:38 '긴 연휴' 10월 유통업체 매출 6 7%↑ 백화점·대형마트 '특수' 연합뉴스 11:46:35 정동영 급진 대북정책 상상하기... ,https://blog.naver.com/thdtjsdn1/224088444130,https://blog.naver.com/thdtjsdn1/224088444130,thdtjsdn.blogspot.com,blog.naver.com/thdtjsdn1,blog
2025-11-26,2025 MAMA AWARDS 실사판 '케이팝 데몬 헌터스'의 화려한 무대,"원더 스테이지에서 펼쳐질 ‘케이팝 데몬 헌터스’는 K-팝 걸그룹이자 퇴마사로 등장하는 ‘헌트릭스’의 멤버들이 무대에 서게 됩니다. 이들은 베이비몬스터의 아현, 파리타, 로라로 구성되어 있으며... ",https://blog.naver.com/smilepigtiger/224088441698,https://blog.naver.com/smilepigtiger/224088441698,스마일 피그앤타이거,blog.naver.com/smilepigtiger,blog
2025-11-26,청계관광특구 최두호회장 취임,"조선시대 국가 소요품을 조달하는 전통 육의전 마당과 푸드트럭 등 12개 소특구가 참여한 현대적 육의전 마당을 체험할 수 있는 공간을 마련했으며, K팝 데몬헌터스의 댄스커버 공연과 아시아 챔피언 김륜형... ",https://blog.naver.com/psc4709/224088431369,https://blog.naver.com/psc4709/224088431369,종로타임스,blog.naver.com/psc4709,blog
2025-11-26,"넷플릭스 케이팝 데몬 헌터스, 오스카 장편 애니메이션 후보... ",이들 글로벌 대작과 함께 이름을 올린 ‘케이팝 데몬 헌터스’는 한국계 창작자가 이끈 K-팝 기반 애니메이션이 오스카 레이스에 진입했다는 점에서 의미가 크다. 오스카 요건 충족한 ‘케이팝 데몬... ,https://blog.naver.com/this1too/224088413973,https://blog.naver.com/this1too/224088413973,핫 이슈,blog.naver.com/this1too,blog
2025-11-26,케이팝 데몬 헌터스 OST 글로벌 차트 석권의 비결,"이런 다양한 아티스트들이 함께 만들어가는 K-POP의 세계는 정말 매력적이고, 앞으로도 더욱 많은 기대가 되는 것 같아요! . 이처럼 케이팝 데몬 헌터스 OST는 전 세계적인 사랑을 받고 있는 것 같아 무척... ",https://blog.naver.com/romantic-page/224088355943,https://blog.naver.com/romantic-page/224088355943,좋은하루 좋은소식,blog.naver.com/romantic-page,blog
2025-11-26,몇번이나 다시 봐도 매번 새롭고 재밌는 영화 모음zip,"케이팝 데몬 헌터스 KPop Demon Hunters 케이팝 데몬 헌터스 가족, 코미디2025메기 강, 크리스 애펄헌즈 처음에 소다팝 노래 짧은 영상으로만 봤을땐 유치하다고 생각해서 안보려고하다가 계속 넷플릭스 영화... ",https://blog.naver.com/thdms09876/224088284568,https://blog.naver.com/thdms09876/224088284568,해피ღ'ᴗ'ღ인생,blog.naver.com/thdms09876,blog
2025-11-26,지금 넷플릭스 화제작 TOP 8 | 인기 데이터 기반 드라마·영화... ,K팝 세계관 애니메이션의 장기 흥행 애니메이션 장르에서는 K팝 세계관을 차용한 액션 판타지 〈케이팝 데몬 헌터스〉가 장기적으로 인기를 유지하고 있답니다. 여러 추천 리스트에서 꾸준히 등장하는 것을... ,https://blog.naver.com/sister48/224088172954,https://blog.naver.com/sister48/224088172954,♥달콤한인생♥,blog.naver.com/sister48,blog
